title,id,brand_normalized,ddr_type,capacity_gb,speed_mhz,price_usd,cluster,cluster_8
Team Group 16GB (2 x 8GB) 288-Pin PC RAM DDR5 6000 (PC5 48000) Memory Model FF3D516G6000HC38ADC01,1,Team,DDR5,16,6000,259.99,0,0
CORSAIR Vengeance RGB 32GB (2 x 16GB) 288-Pin PC RAM DDR5 6000 (PC5 48000) Desktop Memory Model CMH32GX5M2E6000C36,2,CORSAIR,DDR5,32,6000,449.99,0,1
Team T-Force Delta RGB 16GB (2 x 8GB) 288-Pin PC RAM DDR4 3200 (PC4 25600) Desktop Memory Model TF3D416G3200HC16FDC01,3,Team,DDR4,16,3200,157.99,1,7
CORSAIR Vengeance RGB 32GB (2 x 16GB) 288-Pin PC RAM DDR5 6400 (PC5 51200) Desktop Memory Model CMH32GX5M2N6400C36,4,CORSAIR,DDR5,32,6400,489.99,0,1
CORSAIR Vengeance LPX 32GB (2 x 16GB) 288-Pin PC RAM DDR4 3200 (PC4 25600) Desktop Memory Model CMK32GX4M2E3200C16,5,CORSAIR,DDR4,32,3200,219.99,1,3
Team Group 16GB (2 x 8GB) 288-Pin PC RAM DDR5 6000 (PC5 48000) Memory Model FF4D516G6000HC38ADC01,6,Team,DDR5,16,6000,249.99,0,0
CORSAIR Vengeance RGB 32GB (2 x 16GB) 288-Pin PC RAM DDR5 6000 (PC5 48000) Desktop Memory Model CMH32GX5M2E6000C36W,7,CORSAIR,DDR5,32,6000,449.99,0,1
G.SKILL Ripjaws S5 Series 64GB (2 x 32GB) 288-Pin PC RAM DDR5 6000 (PC5 48000) Desktop Memory Model F5-6000J3636F32GX2-RS5K,8,G.SKILL,DDR5,64,6000,909.99,0,4
Crucial Pro Overclocking 32GB (2 x 16GB) DDR5 6400 (PC5 51200) Desktop Memory Model CP2K16G64C32U5B,9,Crucial,DDR5,32,6400,389.99,0,0
G.SKILL Flare X5 Series AMD EXPO 32GB (2 x 16GB) 288-Pin PC RAM DDR5 6000 Desktop Memory Model F5-6000J3636F16GX2-FX5,10,G.SKILL,DDR5,32,6000,479.99,0,0
G.SKILL Ripjaws V Series 16GB (2 x 8GB) 288-Pin PC RAM DDR4 3200 (PC4 25600) Desktop Memory Model F4-3200C16D-16GVKB,11,G.SKILL,DDR4,16,3200,154.99,1,3
"V-COLOR Manta XSky DDR5 32GB (2x16GB) 6400MHz CL32 1.4V SK Hynix IC RGB Gaming Desktop Upgrade Memory Module Black, for AMD EXPO TMXSAL1664832KWK",12,Other,DDR5,32,6400,499.99,0,1
CORSAIR Vengeance 64GB (2 x 32GB) 288-Pin PC RAM DDR5 5200 (PC5 41600) Desktop Memory Model CMK64GX5M2B5200C40,13,CORSAIR,DDR5,64,5200,909.99,0,4
Team T-FORCE VULCAN Z 16GB (2 x 8GB) 288-Pin PC RAM DDR4 3600 (PC4 28800) Desktop Memory Model TLZGD416G3600HC18JDC01,14,Team,DDR4,16,3600,149.99,1,3
G.SKILL Ripjaws V Series 32GB (2 x 16GB) 288-Pin PC RAM DDR4 3200 (PC4 25600) Desktop Memory Model F4-3200C16D-32GVK,15,G.SKILL,DDR4,32,3200,259.99,1,3
G.SKILL Flare X5 16GB (2 x 8GB) 288-Pin PC RAM DDR5 6000 (PC5 48000) Desktop Memory Model F5-6000J3038F8GH2-FX5,16,G.SKILL,DDR5,16,6000,229.99,0,0
CORSAIR Vengeance RGB Pro 32GB (2 x 16GB) 288-Pin PC RAM DDR4 3200 (PC4 25600) Desktop Memory Model CMW32GX4M2E3200C16,17,CORSAIR,DDR4,32,3200,298.69,1,7
CORSAIR Vengeance RGB 32GB (2 x 16GB) 288-Pin PC RAM DDR5 6400 (PC5 51200) Desktop Memory Model CMH32GX5M2N6400C36W,18,CORSAIR,DDR5,32,6400,489.99,0,1
CORSAIR Vengeance LPX 16GB (2 x 8GB) 288-Pin PC RAM DDR4 3200 (PC4 25600) Desktop Memory Model CMK16GX4M2E3200C16,19,CORSAIR,DDR4,16,3200,159.99,1,3
CORSAIR Vengeance 16GB (2 x 8GB) 288-Pin PC RAM DDR5 5200 (PC5 41600) Desktop memory Model CMK16GX5M2B5200Z40,20,CORSAIR,DDR5,16,5200,269.99,0,0
CORSAIR Vengeance RGB 16GB (2 x 8GB) 288-Pin PC RAM DDR5 5200 (PC5 41600) Desktop Memory Model CMH16GX5M2B5200C40,21,CORSAIR,DDR5,16,5200,277.99,0,1
Patriot Viper Venom 32GB (2 x 16GB) 288-Pin PC RAM DDR5 6000 (PC5 48000) Desktop Memory Model PVV532G600C36K Compatible with AMD / Intel Gen14 Only,22,Other,DDR5,32,6000,369.99,0,0
G.SKILL Ripjaws M5 Neo RGB Series 16GB 288-Pin PC RAM DDR5 6000 (PC5 48000) Desktop Memory Model F5-6000J3636F16GX1-RM5NRK,24,G.SKILL,DDR5,16,6000,239.99,0,5
Patriot Viper Elite 5 16GB 288-Pin PC RAM DDR5 6000 CL30(PC5 48000) Hynix Desktop Memory Model VEB516G6030W Compatible with AMD / Intel Gen14 Only,25,Other,DDR5,16,6000,199.99,0,5
CORSAIR Vengeance RGB 32GB (2 x 16GB) 288-Pin PC RAM DDR5 6000 (PC5 48000) Custom Lab Cherry Blossom Desktop Memory Model CMH32GX5M2B6000Z30WCB - White,26,CORSAIR,DDR5,32,6000,579.99,0,1
CORSAIR Vengeance RGB 32GB (2 x 16GB) 288-Pin PC RAM DDR5 6000 (PC5 48000) Desktop Memory Model CMH32GX5M2B6000C38,28,CORSAIR,DDR5,32,6000,459.99,0,1
Crucial Pro Overclocking 32GB (2 x 16GB) DDR5 6000 (PC5 48000) Desktop Memory Model CP2K16G60C36U5B,29,Crucial,DDR5,32,6000,394.99,0,0
"V-COLOR Manta XSky DDR5 32GB (2x16GB) 6000MHz CL30 1.25V SK Hynix Original IC Gaming Desktop Memory Module Black, for AMD EXPO (TMXSAO1660830KKK)",30,Other,DDR5,32,6000,419.99,0,0
CORSAIR Vengeance RGB 32GB (2 x 16GB) 288-Pin PC RAM DDR5 6000 (PC5 48000) Desktop Memory Model CMH32GX5M2F6000Z36,31,CORSAIR,DDR5,32,6000,464.99,0,1
Team Group 16GB (2 x 8GB) 288-Pin PC RAM DDR5 6000 (PC5 48000) Memory Model FLBD516G6000HC38ADC01,32,Team,DDR5,16,6000,239.99,0,0
CORSAIR Vengeance 32GB (2 x 16GB) 288-Pin PC RAM DDR5 6000 (PC5 48000) Desktop Memory Model CMK32GX5M2B6000C38,33,CORSAIR,DDR5,32,6000,449.0,0,0
G.SKILL Trident Z5 RGB Series 32GB (2 x 16GB) 288-Pin PC RAM DDR5 6400 (PC5 51200) Desktop Memory Model F5-6400J3239G16GX2-TZ5RK,34,G.SKILL,DDR5,32,6400,519.99,0,1
G.SKILL Ripjaws V Series 16GB 288-Pin PC RAM DDR4 3200 (PC4 25600) Desktop Memory Model F4-3200C16S-16GVK,35,G.SKILL,DDR4,16,3200,129.99,1,2
"V-COLOR Manta XSky DDR5 32GB (2x16GB) 6000MHz CL30 SK Hynix IC RGB Gaming Desktop Memory Module Black, for AMD EXPO TMXSAL1660830KWK",36,Other,DDR5,32,6000,409.99,0,1
Patriot Viper Elite 5 32GB (2 x 16GB) 288-Pin PC RAM DDR5 6000 CL30(PC5 48000) Hynix Desktop Memory Model VEB532G6030KW Compatible with AMD & Intel Gen14 Only,37,Other,DDR5,32,6000,379.99,0,0
CORSAIR Vengeance RGB 32GB (2 x 16GB) 288-Pin PC RAM DDR5 6400 (PC5 51200) Desktop Memory Model CMH32GX5M2B6400C36,38,CORSAIR,DDR5,32,6400,475.99,0,1
CORSAIR Vengeance 32GB (2 x 16GB) 288-Pin PC RAM DDR5 6000 (PC5 48000) Desktop Memory Model CMK32GX5M2B6000Z30,39,CORSAIR,DDR5,32,6000,565.99,0,0
CORSAIR Vengeance RGB Pro SL 16GB (2 x 8GB) 288-Pin PC RAM DDR4 3200 (PC4 25600) Desktop Memory Model CMH16GX4M2E3200C16W,40,CORSAIR,DDR4,16,3200,169.99,1,7
G.SKILL Trident Z5 RGB Series 32GB (2 x 16GB) 288-Pin PC RAM DDR5 6000 (PC5 48000) Desktop Memory Model F5-6000J3636F16GX2-TZ5RK,41,G.SKILL,DDR5,32,6000,509.99,0,1
CORSAIR Vengeance 32GB (2 x 16GB) 288-Pin PC RAM DDR5 6000 (PC5 48000) Desktop Memory Model CMK32GX5M2F6000Z36,42,CORSAIR,DDR5,32,6000,454.99,0,0
CORSAIR Vengeance 32GB (2 x 16GB) 288-Pin PC RAM DDR5 6400 (PC5 51200) Desktop Memory Model CMK32GX5M2B6400C36,43,CORSAIR,DDR5,32,6400,464.99,0,0
Patriot Viper Venom DDR5 RAM 16GB (1X16GB) 6000MT/s CL30 UDIMM Desktop Gaming Memory Module - PVV516G60C30 Compatible with AMD & Intel Gen14 Only,44,Other,DDR5,16,6000,199.99,0,5
Team Group T-CREATE EXPERT 32GB (2 x 16GB) 288-Pin PC RAM DDR5 6000 (PC5 48000) Desktop Memory Model CTCED532G6000HC30DC01,45,Team,DDR5,32,6000,469.99,0,0
Team T-Force Delta RGB 32GB (2 x 16GB) 288-Pin PC RAM DDR4 3200 (PC4 25600) Desktop Memory Model TF3D432G3200HC16FDC01,46,Team,DDR4,32,3200,259.99,1,7
CORSAIR Vengeance 32GB (2 x 16GB) 288-Pin PC RAM DDR5 6000 (PC5 48000) Desktop Memory Model CMK32GX5M2B6000C30,47,CORSAIR,DDR5,32,6000,565.99,0,0
G.SKILL Flare X5 16GB 288-Pin PC RAM DDR5 6000 (PC5 48000) Desktop Memory Model F5-6000J3636F16GX1-FX5,48,G.SKILL,DDR5,16,6000,234.99,0,5
Team T-FORCE VULCAN Z 16GB (2 x 8GB) DDR4 3200 (PC4 25600) Desktop Memory Model TLZGD416G3200HC16FDC01,49,Team,DDR4,16,3200,129.99,1,3
v-color 8GB DDR4 DRAM 3200MHz (PC4-25600) CL22 1.2V U-DIMM Desktop Memory Ram Upgrade Module TD48G32S822-VC,50,Other,DDR4,8,3200,59.99,1,2
CORSAIR Vengeance RGB Pro SL 16GB (2 x 8GB) 288-Pin PC RAM DDR4 3200 (PC4 25600) Desktop Memory Model CMH16GX4M2E3200C16,51,CORSAIR,DDR4,16,3200,169.99,1,7
CORSAIR Vengeance 96GB (2 x 48GB) 288-Pin PC RAM DDR5 6000 (PC5 48000) Desktop Memory Model CMK96GX5M2E6000Z36,52,CORSAIR,DDR5,96,6000,1050.0,0,4
Patriot Viper Venom 64GB (2 x 32GB) 288-Pin PC RAM DDR5 6000 (PC5 48000) Desktop Memory Model PVV564G600C36K,53,Other,DDR5,64,6000,719.99,0,4
Crucial Pro Overclocking 32GB (2 x 16GB) DDR5 6000 (PC5 48000) Desktop Memory Model CP2K16G60C36U5W,54,Crucial,DDR5,32,6000,389.99,0,0
CORSAIR Vengeance RGB 16GB (2 x 8GB) 288-Pin PC RAM DDR5 6000 (PC5 48000) Desktop Memory Model CMH16GX5M2E6000Z36,55,CORSAIR,DDR5,16,6000,289.99,0,1
Patriot Memory Viper Venom 32GB (2 x 16GB) 288-Pin PC RAM DDR5 6400 (PC5 51200) Desktop Memory Model PVV532G640C32K Compatible with AMD / Intel Gen14 Only,56,Other,DDR5,32,6400,379.99,0,0
G.SKILL Flare X5 8GB 288-Pin PC RAM DDR5 6000 (PC5 48000) Desktop Memory Model F5-6000J3038F8GH1-FX5,57,G.SKILL,DDR5,8,6000,129.99,1,5
CORSAIR Vengeance LPX 16GB (2 x 8GB) 288-Pin PC RAM DDR4 3200 (PC4 25600) Desktop Memory Model CMK16GX4M2B3200C16,58,CORSAIR,DDR4,16,3200,164.99,1,3
G.SKILL Ripjaws S5 Series 32GB (2 x 16GB) 288-Pin PC RAM DDR5 6000 (PC5 48000) Desktop Memory Model F5-6000J3636F16GX2-RS5K,59,G.SKILL,DDR5,32,6000,479.99,0,0
CORSAIR Vengeance RGB 32GB (2 x 16GB) 288-Pin PC RAM DDR5 6000 (PC5 48000) Desktop Memory Model CMH32GX5M2N6000Z30,60,CORSAIR,DDR5,32,6000,575.99,0,1
G.SKILL Flare X5 128GB (2 x 64GB) 288-Pin PC RAM DDR5 6000 (PC5 48000) Desktop Memory Model F5-6000J3444F64GX2-FX5,61,G.SKILL,DDR5,128,6000,2799.99,0,4
CORSAIR Vengeance 16GB (2 x 8GB) 288-Pin PC RAM DDR5 6000 (PC5 48000) Desktop memory Model CMK16GX5M2E6000Z36,62,CORSAIR,DDR5,16,6000,249.99,0,0
Team T-FORCE VULCAN Z 32GB (2 x 16GB) 288-Pin PC RAM DDR4 3200 (PC4 25600) Desktop Memory Model TLZGD432G3200HC16FDC01,63,Team,DDR4,32,3200,249.99,1,3
Team T-FORCE VULCAN Z 16GB (2 x 8GB) 288-Pin PC RAM DDR4 3200 (PC4 25600) Desktop Memory Model TLZGD416G3200HC16CDC01,64,Team,DDR4,16,3200,149.99,1,3
G.SKILL Trident Z5 Neo RGB Series AMD EXPO 32GB (2 x 16GB) 288-Pin PC RAM DDR5 6000 (PC5 48000) Desktop Memory Model F5-6000J3038F16GX2-TZ5NR,65,G.SKILL,DDR5,32,6000,488.0,0,1
CORSAIR Vengeance 32GB (2 x 16GB) 288-Pin PC RAM DDR5 6000 (PC5 48000) Desktop Memory Model CMK32GX5M2E6000C36,66,CORSAIR,DDR5,32,6000,409.99,0,0
G.SKILL Ripjaws V Series 32GB (2 x 16GB) 288-Pin PC RAM DDR4 3600 (PC4 28800) Desktop Memory Model F4-3600C18D-32GVK,67,G.SKILL,DDR4,32,3600,279.99,1,3
CORSAIR Vengeance 64GB (2 x 32GB) 288-Pin PC RAM DDR5 5600 (PC5 44800) Desktop Memory Model CMK64GX5M2B5600C40,68,CORSAIR,DDR5,64,5600,839.99,0,4
Patriot Memory Viper Venom RGB DDR5 RAM 32GB (2X16GB) 6000MT/s CL30 UDIMM Desktop Gaming Memory Kit - PVVR532G600C30K Compatible with AMD / Intel Gen14 Only,69,Other,DDR5,32,6000,389.99,0,1
CORSAIR Vengeance 32GB (2 x 16GB) 288-Pin PC RAM DDR5 6000 (PC5 48000) Desktop Memory Model CMK32GX5M2B6000Z38,70,CORSAIR,DDR5,32,6000,399.99,0,0
G.SKILL Ripjaws S5 Series 32GB (2 x 16GB) 288-Pin PC RAM DDR5 6400 (PC5 51200) Desktop Memory Model F5-6400J3239G16GX2-RS5K,71,G.SKILL,DDR5,32,6400,499.99,0,0
Kingston FURY Beast 32GB (2 x 16GB) 288-Pin PC RAM DDR4 3200 (PC4 25600) Memory (Desktop Memory) Model KF432C16BBK2/32,72,Kingston,DDR4,32,3200,319.99,1,3
Team T-Force Delta RGB 32GB (2 x 16GB) 288-Pin PC RAM DDR5 6000 (PC5 48000) Desktop Memory Model FF3D532G6000HC30DC01,73,Team,DDR5,32,6000,469.99,0,1
G.SKILL 8GB DDR4 3200 (PC4 25600) Desktop Memory Model F4-3200C16S-8GVKB,74,G.SKILL,DDR4,8,3200,69.99,1,2
Team T-Force Vulcan 16GB (2 x 8GB) 288-Pin PC RAM DDR5 5200 (PC5 41600) Desktop Memory Model FLBD516G5200HC40CDC01,75,Team,DDR5,16,5200,239.99,0,0
Kingston FURY Beast 32GB (2 x 16GB) 288-Pin PC RAM DDR5 6000 (PC5 48000) Memory (Desktop Memory) Model KF560C30BBEAK2-32,76,Kingston,DDR5,32,6000,499.99,0,0
CORSAIR Vengeance RGB 64GB (2 x 32GB) 288-Pin PC RAM DDR5 6000 (PC5 48000) Desktop Memory Model CMH64GX5M2N6000C30,77,CORSAIR,DDR5,64,6000,1189.99,0,1
G.SKILL Trident Z5 RGB Series 64GB (2 x 32GB) 288-Pin PC RAM DDR5 6400 (PC5 51200) Desktop Memory Model F5-6400J3239G32GX2-TZ5RK,78,G.SKILL,DDR5,64,6400,979.99,0,1
Kingston FURY Beast 16GB (2 x 8GB) 288-Pin PC RAM DDR5 6000 (PC5 48000) Memory (Desktop Memory) Model KF560C36BBEAK2-16,79,Kingston,DDR5,16,6000,279.99,0,0
Team Group T-CREATE EXPERT 32GB (2 x 16GB) 288-Pin PC RAM DDR5 6000 (PC5 48000) Desktop Memory Model CTCWD532G6000HC30DC01,80,Team,DDR5,32,6000,469.99,0,0
G.SKILL Flare X5 16GB (2 x 8GB) 288-Pin PC RAM DDR5 5600 (PC5 44800) Desktop Memory Model F5-5600J3636C8GH2-FX5,81,G.SKILL,DDR5,16,5600,264.99,0,0
Crucial Pro Overclocking 32GB (2 x 16GB) DDR5 6400 (PC5 51200) Desktop Memory Model CP2K16G64C38U5B,82,Crucial,DDR5,32,6400,398.99,0,0
"V-COLOR Manta XSky DDR5 32GB (2x16GB) 6000MHz CL28 1.4V SK Hynix IC RGB Gaming Desktop Upgrade Memory Module Black, for AMD EXPO (TMXSAL1660828KWK)",83,Other,DDR5,32,6000,439.99,0,1
G.SKILL Trident Z5 Neo RGB Series AMD EXPO 32GB (2 x 16GB) 288-Pin PC RAM DDR5 6000 (PC5 48000)  Desktop Memory Model F5-6000J3636F16GX2-TZ5NR,84,G.SKILL,DDR5,32,6000,509.99,0,1
CORSAIR Vengeance RGB 32GB (2 x 16GB) 288-Pin PC RAM DDR5 6000 (PC5 48000) Custom Lab Cherry Blossom Desktop Memory Model CMH32GX5M2B6000Z30CB - Gray,85,CORSAIR,DDR5,32,6000,604.99,0,1
Crucial Pro Overclocking 32GB (2 x 16GB) DDR5 6400 (PC5 51200) Desktop Memory Model CP2K16G64C32U5B,86,Crucial,DDR5,32,6400,399.99,0,0
G.SKILL Flare X5 64GB (2 x 32GB) 288-Pin PC RAM DDR5 5600 (PC5 44800) Desktop Memory Model F5-5600J3636D32GX2-FX5,87,G.SKILL,DDR5,64,5600,949.99,0,4
CORSAIR Vengeance 64GB (2 x 32GB) 288-Pin PC RAM DDR5 4800 (PC5 38400) Desktop Memory Model CMH64GX5M2A4800C40,88,CORSAIR,DDR5,64,4800,909.99,0,4
Crucial 16GB 288-Pin PC RAM DDR5 4800 (PC5 38400) Desktop Memory Model CT16G48C40U5,89,Crucial,DDR5,16,4800,199.99,0,5
G.SKILL Trident Z5 RGB Series 64GB (2 x 32GB) 288-Pin PC RAM DDR5 6000 (PC5 48000) Desktop Memory Model F5-6000J3636F32GX2-TZ5RK,90,G.SKILL,DDR5,64,6000,904.99,0,1
CORSAIR Vengeance RGB Pro SL 32GB (2 x 16GB) 288-Pin PC RAM DDR4 3600 (PC4 28800) Desktop Memory Model CMH32GX4M2D3600C18W,91,CORSAIR,DDR4,32,3600,250.0,1,7
Crucial Pro Overclocking 64GB (2 x 32GB) DDR5 6000 (PC5 48000) Desktop Memory Model CP2K32G60C40U5W,92,Crucial,DDR5,64,6000,735.99,0,4
Kingston FURY Beast 32GB (2 x 16GB) 288-Pin PC RAM DDR5 6000 (PC5 48000) Memory (Desktop Memory) Model KF560C30BWEAK2-32,93,Kingston,DDR5,32,6000,499.99,0,0
CORSAIR Vengeance RGB 32GB (2 x 16GB) 288-Pin PC RAM DDR5 6000 (PC5 48000) Desktop Memory Model CMK32GX5M2B6000Z38,94,CORSAIR,DDR5,32,6000,449.99,0,1
XPG LANCER 16GB 288-Pin PC RAM DDR5 6000 (PC5 48000) Desktop Memory Model AX5U6000C3016G-CLARBK,95,Other,DDR5,16,6000,199.99,0,5
Patriot Viper Venom RGB 32GB (2 x 16GB) 288-Pin PC RAM DDR5 5600 (PC5 44800) Desktop Memory Model PVVR532G560C36K,96,Other,DDR5,32,5600,379.99,0,1
"V-COLOR Manta XSky DDR5 32GB (2x16GB) 6400MHz CL32 1.4V SK Hynix IC Gaming Desktop Memory Module Black, for AMD EXPO TMXSAO1664832KKK",98,Other,DDR5,32,6400,419.99,0,0
G.SKILL Trident Z Neo (For AMD Ryzen) Series 32GB (2 x 16GB) 288-Pin RGB PC RAM DDR4 3600 (PC4 28800) Desktop Memory Model F4-3600C16D-32GTZNC,99,G.SKILL,DDR4,32,3600,339.99,1,7
Crucial Pro Overclocking 64GB (2 x 32GB) DDR5 6400 (PC5 51200) Desktop Memory Model CP2K32G64C40U5W,100,Crucial,DDR5,64,6400,749.99,0,4
CORSAIR Vengeance RGB 96GB (2 x 48GB) 288-Pin PC RAM DDR5 6000 (PC5 48000) Desktop Memory Model CMH96GX5M2E6000Z36,101,CORSAIR,DDR5,96,6000,1324.99,0,4
G.SKILL Ripjaws V Series 32GB (2 x 16GB) 288-Pin PC RAM DDR4 3600 (PC4 28800) Desktop Memory Model F4-3600C16D-32GVKC,102,G.SKILL,DDR4,32,3600,329.99,1,3
Kingston Kingston Fury 16GB (2 x 8GB) 288-Pin PC RAM DDR5 5600 (PC5 44800) Memory (Desktop Memory) Model KF556C36BBEK2-16,103,Kingston,DDR5,16,5600,249.99,0,0
G.SKILL TridentZ RGB Series 32GB (2 x 16GB) 288-Pin PC RAM DDR4 3600 (PC4 28800) Desktop Memory Model F4-3600C16D-32GTZRC,104,G.SKILL,DDR4,32,3600,339.99,1,7
Team T-CREATE EXPERT 96GB (2 x 48GB) 288-Pin PC RAM DDR5 6400 (PC5 51200) Desktop Memory Model CTCED596G6400HC32ADC01,105,Team,DDR5,96,6400,1399.99,0,4
CORSAIR Vengeance 32GB (2 x 16GB) 288-Pin PC RAM DDR5 5200 (PC5 41600) Desktop Memory Model CMK32GX5M2B5200C40,106,CORSAIR,DDR5,32,5200,467.99,0,0
G.SKILL Trident Z5 Neo RGB Series 128GB (2 x 64GB) 288-Pin PC RAM DDR5 6000 (PC5 48000) Desktop Memory Model F5-6000J3444F64GX2-TZ5NR,107,G.SKILL,DDR5,128,6000,2899.99,0,4
CORSAIR Vengeance LPX 32GB (2 x 16GB) 288-Pin PC RAM DDR4 2666 (PC4 21300) Memory Kit Model CMK32GX4M2A2666C16,108,CORSAIR,DDR4,32,2666,259.99,1,3
XPG LANCER RGB 32GB (2 x 16GB) 288-Pin PC RAM DDR5 6000 (PC5 48000) Desktop Memory Model AX5U6000C3016G-DCLARBK,109,Other,DDR5,32,6000,409.99,0,1
Patriot Viper Venom RGB 32GB (2 x 16GB) 288-Pin PC RAM DDR5 6000 (PC5 48000) Desktop Memory Model PVVR532G600C36K Compatible with AMD / Intel Gen14 Only,110,Other,DDR5,32,6000,389.99,0,1
G.SKILL Trident Z5 Neo RGB Series 64GB (2 x 32GB) 288-Pin PC RAM DDR5 6000 (PC5 48000) Desktop Memory Model F5-6000J3040G32GX2-TZ5NR,111,G.SKILL,DDR5,64,6000,1045.78,0,1
G.SKILL Ripjaws V Series 16GB (2 x 8GB) 288-Pin PC RAM DDR4 3600 (PC4 28800) Desktop Memory Model F4-3600C18D-16GVK,113,G.SKILL,DDR4,16,3600,159.99,1,3
CORSAIR Dominator Titanium 64GB (2 x 32GB) DDR5 6000 (PC5 48000) Desktop Memory Model CMP64GX5M2B6000Z30,114,CORSAIR,DDR5,64,6000,1274.99,0,4
CORSAIR Vengeance 16GB (2 x 8GB) 288-Pin PC RAM DDR5 5200 (PC5 41600) Desktop Memory Model CMK16GX5M2B5200C40,115,CORSAIR,DDR5,16,5200,269.99,0,0
CORSAIR Vengeance 64GB (2 x 32GB) 288-Pin PC RAM DDR5 6000 (PC5 48000) Desktop Memory Model CMK64GX5M2D6000C40,117,CORSAIR,DDR5,64,6000,1774.99,0,4
CORSAIR Vengeance RGB 64GB (2 x 32GB) 288-Pin PC RAM DDR5 6400 (PC5 51200) Desktop Memory Model CMH64GX5M2N6400C32,118,CORSAIR,DDR5,64,6400,1225.99,0,1
CORSAIR Vengeance 64GB (2 x 32GB) DDR5 6000 (PC5 48000) Desktop Memory Model CMK64GX5M2B6000Z30,119,CORSAIR,DDR5,64,6000,1159.99,0,4
G.SKILL TridentZ RGB Series 16GB (2 x 8GB) 288-Pin PC RAM DDR4 3200 (PC4 25600) Desktop Memory Model F4-3200C16D-16GTZR,121,G.SKILL,DDR4,16,3200,166.0,1,7
CORSAIR Vengeance 64GB (2 x 32GB) 288-Pin PC RAM DDR5 5600 (PC5 44800) Desktop Memory Model CMH64GX5M2D5600Z40,122,CORSAIR,DDR5,64,5600,799.99,0,4
G.SKILL Flare X5 32GB (2 x 16GB) 288-Pin PC RAM DDR5 6000 (PC5 48000) Desktop Memory Model F5-6000J3038F16GH2-FX5,123,G.SKILL,DDR5,32,6000,509.99,0,0
Team T-FORCE VULCAN Z 32GB (2 x 16GB) 288-Pin PC RAM DDR4 3600 (PC4 28800) Desktop Memory Model TLZGD432G3600HC18JDC01,124,Team,DDR4,32,3600,289.99,1,3
V-COLOR DDR5 TUF GAMING ALLIANCE Manta XFinity 64GB (32GBx2) 6400MHz CL32 1.4V AMD EXPO SK Hynix Original IC RGB Gaming Desktop Upgrade RAM Memory Module Black (GTMXFAL3264832KWK),125,Other,DDR5,64,6400,769.99,0,1
Kingston FURY Beast 16GB (2 x 8GB) 288-Pin PC RAM DDR5 6000 (PC5 48000) Memory (Desktop Memory) Model KF560C36BBEK2-16,126,Kingston,DDR5,16,6000,269.99,0,0
Team T-CREATE CLASSIC 32GB (2 x 16GB) DDR5 6000 (PC5 48000) Desktop Memory Model CTCCD532G6000HC48DC01,127,Team,DDR5,32,6000,429.99,0,0
Kingston FURY Beast 32GB (2 x 16GB) 288-Pin PC RAM DDR5 6000 (PC5 48000) Memory (Desktop Memory) Model KF560C30BBEK2-32,128,Kingston,DDR5,32,6000,479.99,0,0
CORSAIR Vengeance RGB 16GB (2 x 8GB) 288-Pin PC RAM DDR5 6000 (PC5 48000) Custom Lab GBT Wood Desktop Memory Desktop Memory Model CMH16GX5M2E6000Z36WGWL,129,CORSAIR,DDR5,16,6000,259.99,0,1
CORSAIR Dominator Titanium 64GB (2 x 32GB) DDR5 6000 (PC5 48000) Desktop Memory Model CMP64GX5M2B6000Z30W,130,CORSAIR,DDR5,64,6000,1274.99,0,4
Team T-Force Delta RGB 32GB (2 x 16GB) 288-Pin PC RAM DDR5 6000 (PC5 48000) Desktop Memory Model FF4D532G6000HC30DC01,131,Team,DDR5,32,6000,469.99,0,1
Team Group Vulcan alpha 32GB (2 x 16GB) 288-Pin PC RAM DDR5 6000 (PC5 48000) Desktop Memory Model FLARD532G6000HC38ADC01,132,Team,DDR5,32,6000,399.99,0,0
Timetec 4GB DDR3L / DDR3 1600MHz PC3L-12800 / PC3-12800 Non-ECC Unbuffered 1.35V / 1.5V CL11 2Rx8 Dual Rank 240 Pin UDIMM Desktop PC Computer Memory RAM Module Upgrade (4GB),133,Other,DDR3,4,1600,15.99,1,2
Used - Like New CORSAIR Vengeance LPX 32GB (2 x 16GB) 288-Pin PC RAM DDR4 3600 (PC4 28800) Desktop Memory Model CMK32GX4M2D3600C18,134,Other,DDR4,32,3600,249.95,1,3
CORSAIR Dominator Titanium 32GB (2 x 16GB) DDR5 6000 (PC5 48000) Desktop Memory Model CMP32GX5M2B6000C30W,135,CORSAIR,DDR5,32,6000,639.99,0,0
G.SKILL Trident Z5 RGB Series 32GB (2 x 16GB) 288-Pin PC RAM DDR5 6000 (PC5 48000) Desktop Memory Model F5-6000J3636F16GX2-TZ5RW,136,G.SKILL,DDR5,32,6000,509.99,0,1
"V-COLOR OLED XFinity+ DDR5 32GB (2x16GB) 6000MHz CL30 1.35V SK Hynix IC RGB Gaming Desktop Memory with Built-in Panel, White, for AMD EXPO (OTMXFAL1660830WWK)",137,Other,DDR5,32,6000,429.99,0,1
Timetec Pinnacle Konduit 16GB DDR4 3200MHz PC4-25600 CL16-20-20-40 1.35V Dual Rank Compatible for AMD and Intel Desktop Gaming PC Memory Module - White,138,Other,DDR4,16,3200,117.99,1,2
G.SKILL TridentZ RGB Series 32GB (2 x 16GB) 288-Pin PC RAM DDR4 3600 (PC4 28800) Desktop Memory Model F4-3600C18D-32GTZR,140,G.SKILL,DDR4,32,3600,319.99,1,7
Kingston FURY Beast 16GB (2 x 8GB) 288-Pin PC RAM DDR4 3200 (PC4 25600) Memory (Desktop Memory) Model KF432C16BBK2/16,141,Kingston,DDR4,16,3200,179.99,1,3
CORSAIR Vengeance RGB Pro 16GB (2 x 8GB) 288-Pin PC RAM DDR4 3200 (PC4 25600) Desktop Memory Model CMW16GX4M2E3200C16,142,CORSAIR,DDR4,16,3200,169.99,1,7
G.SKILL Ripjaws V Series 64GB (4 x 16GB) 288-Pin PC RAM DDR4 3200 (PC4 25600) Desktop Memory Model F4-3200C16Q-64GVK,143,G.SKILL,DDR4,64,3200,579.99,1,6
XPG LANCER 16GB 288-Pin PC RAM DDR5 6000 (PC5 48000) Desktop Memory Model AX5U6000C3016G-CLABK,144,Other,DDR5,16,6000,194.99,0,5
Team T-Force Delta RGB 16GB (2 x 8GB) 288-Pin PC RAM DDR4 3200 (PC4 25600) Desktop Memory Model TF4D416G3200HC16FDC01,145,Team,DDR4,16,3200,157.99,1,7
Silicon Power Value Gaming DDR5 32GB (2x16GB) 6000MT/s (PC5-48000) 288-pin CL30 1.35V UDIMM Desktop RAM Computer Memory w/Heatsink SP032GXLWU60AFDJ,146,Other,DDR5,32,6000,399.79,0,0
"V-COLOR Manta XSky DDR5 32GB (2x16GB) 6000MHz CL26 1.45V SK Hynix IC RGB Gaming Desktop Upgrade Memory Module Black, for AMD EXPO (TMXSAL1660826KWK)",147,Other,DDR5,32,6000,449.99,0,1
CORSAIR Vengeance 16GB (2 x 8GB) 288-Pin PC RAM DDR5 5600 (PC5 44800) Desktop memory Model CMK16GX5M2B5600Z40,148,CORSAIR,DDR5,16,5600,279.99,0,0
CORSAIR Dominator Titanium 32GB (2 x 16GB) DDR5 6000 (PC5 48000) Desktop Memory Model CMP32GX5M2B6000Z30W,149,CORSAIR,DDR5,32,6000,639.99,0,0
CORSAIR Vengeance RGB 16GB (2 x 8GB) 288-Pin PC RAM DDR5 5200 (PC5 41600) Desktop Memory Model CMH16GX5M2B5200Z40,150,CORSAIR,DDR5,16,5200,277.99,0,1
CORSAIR Vengeance RGB Pro 16GB (2 x 8GB) 288-Pin PC RAM DDR4 3200 (PC4 25600) Desktop Memory Model CMW16GX4M2E3200C16W,151,CORSAIR,DDR4,16,3200,169.99,1,7
CORSAIR Vengeance LPX 64GB (2 x 32GB) 288-Pin PC RAM DDR4 3200 (PC4 25600) Desktop Memory Model CMK64GX4M2E3200C16,152,CORSAIR,DDR4,64,3200,622.0,1,3
G.SKILL Trident Z5 Neo Series AMD EXPO 32GB (2 x 16GB) 288-Pin PC RAM DDR5 6000 (PC5 48000) Desktop Memory Model F5-6000J3636F16GX2-TZ5N,153,G.SKILL,DDR5,32,6000,489.99,0,0
CORSAIR Vengeance 64GB (2 x 32GB) 288-Pin PC RAM DDR5 5200 (PC5 41600) Desktop Memory Model CMK64GX5M2B5200C40W,154,CORSAIR,DDR5,64,5200,909.99,0,4
Crucial Pro Overclocking 32GB (2 x 16GB) DDR5 6400 (PC5 51200) Desktop Memory Model CP2K16G64C38U5W,155,Crucial,DDR5,32,6400,399.99,0,0
CORSAIR Vengeance RGB 64GB (2 x 32GB) 288-Pin PC RAM DDR5 6000 (PC5 48000) Desktop Memory Model CMH64GX5M2D6000C40,156,CORSAIR,DDR5,64,6000,919.99,0,1
G.SKILL Flare X5 32GB (2 x 16GB) 288-Pin PC RAM DDR5 6000 (PC5 48000) Desktop Memory Model F5-6000J3038F16GX2-FX5,157,G.SKILL,DDR5,32,6000,599.99,0,0
A-Tech 4GB DDR4 2400MHz DIMM PC4-19200 UDIMM Non-ECC Unbuffered 1.2V CL17 288-Pin Desktop Computer RAM Memory Upgrade Module,158,Other,DDR4,4,2400,35.65,1,2
CORSAIR Vengeance RGB 96GB (2 x 48GB) 288-Pin PC RAM DDR5 7200 (PC5 57600) Desktop Memory Model CMH96GX5M2N7200C40,159,CORSAIR,DDR5,96,7200,1529.99,0,4
Kingston FURY Beast 64GB (2 x 32GB) 288-Pin PC RAM DDR4 3200 (PC4 25600) Desktop Memory Model KF432C16BB2AK2/64,160,Kingston,DDR4,64,3200,699.99,1,3
"Crucial 16GB 2666 MT/S 288-Pin DDR4 SDRAM UDIMM (PC4-21300) Memory Module, CL19, Unbuffered, Dual Ranked x8, Non-ECC, 1.2V",161,Crucial,DDR4,16,2666,118.89,1,2
Kingston FURY Beast 16GB (2 x 8GB) 288-Pin PC RAM DDR5 5600 (PC5 44800) Memory (Desktop Memory) Model KF556C40BBAK2-16,162,Kingston,DDR5,16,5600,259.99,0,0
CORSAIR Vengeance 64GB (2 x 32GB) 288-Pin PC RAM DDR5 6400 (PC5 51200) Desktop Memory Model CMK64GX5M2B6400C42,163,CORSAIR,DDR5,64,6400,919.99,0,4
Kingston FURY Beast 32GB (2 x 16GB) 288-Pin PC RAM DDR4 3200 (PC4 25600) Desktop Memory Model KF432C16BB12AK2/32,164,Kingston,DDR4,32,3200,379.99,1,3
KingBank Computer Desktop Memory Ram DDR4 16GB(2x8GB) 2666MHz CL19 1.2V with Heatsink for Desktop Computer High Performance Gaming Office,165,Other,DDR4,16,2666,149.99,1,3
Kingston FURY Beast RGB 16GB DDR5 5600 (PC5 44800) Memory (Desktop Memory) Model KF556C36BBEA-16,166,Kingston,DDR5,16,5600,225.99,0,5
Kingston KF556C36BBEAK2-16 16GB (2 x 8GB) DDR5 5600 (PC5 44800) Memory (Desktop Memory) Model KF556C36BBEAK2-16,167,Kingston,DDR5,16,5600,269.99,0,0
CORSAIR Vengeance 128GB (2 x 64GB) 288-Pin PC RAM DDR5 6400 (PC5 51200) Desktop Memory Model CMK128GX5M2B6400C42,168,CORSAIR,DDR5,128,6400,1779.99,0,4
CORSAIR Vengeance RGB 32GB (2 x 16GB) 288-Pin PC RAM DDR5 6000 (PC5 48000) XMP 3.0 AMD EXPO Desktop Memory Model CMH32GX5M2B6000Z30K,169,CORSAIR,DDR5,32,6000,604.99,0,1
CORSAIR Vengeance RGB 32GB (2 x 16GB) 288-Pin PC RAM DDR5 7000 (PC5 56000) Desktop Memory Model CMH32GX5M2X7000C36,170,CORSAIR,DDR5,32,7000,619.99,0,1
"V-COLOR Manta XSky DDR5 32GB (2x16GB) 6000MHz CL26 1.45V SK Hynix IC Gaming Desktop Upgrade Memory Module Black, for AMD EXPO (TMXSO1660826KKK)",171,Other,DDR5,32,6000,489.99,0,0
XPG LANCER 32GB (2 x 16GB) 288-Pin PC RAM DDR5 6000 (PC5 48000) Desktop Memory Model AX5U6000C3016G-DCLABK,172,Other,DDR5,32,6000,409.99,0,0
CORSAIR Vengeance RGB 128GB (2 x 64GB) 288-Pin PC RAM DDR5 6000 (PC5 48000) Desktop Memory Model CMH128GX5M2D6000C40,173,CORSAIR,DDR5,128,6000,1789.99,0,4
Patriot Viper Elite 5 32GB 288-Pin PC RAM DDR5 6000 (PC5 48000) Desktop Memory Model PVER532G60C30W Compatible /w AMD / Intel Gen14 Only,174,Other,DDR5,32,6000,399.99,0,5
CORSAIR Vengeance RGB 64GB (2 x 32GB) 288-Pin PC RAM DDR5 6000 (PC5 48000) Desktop Memory Model CMH64GX5M2B6000Z28,175,CORSAIR,DDR5,64,6000,1219.99,0,1
G.SKILL Flare X5 64GB (2 x 32GB) 288-Pin PC RAM DDR5 6000 (PC5 48000) Desktop Memory Model F5-6000J3636F32GX2-FX5,176,G.SKILL,DDR5,64,6000,849.0,0,4
Team T-Force Delta RGB 32GB (2 x 16GB) 288-Pin PC RAM DDR5 6000 (PC5 48000) Desktop Memory Model FF4D532G6000HC28ADC01,177,Team,DDR5,32,6000,599.99,0,1
Timetec 8GB DDR4 2400MHz (PC4-2400T) PC4-19200 UDIMM Desktop RAM  288-Pin 1.2V CL17 Non-ECC Unbuffered DIMM Memory Module Upgrade,178,Other,DDR4,8,2400,57.99,1,2
Kingston FURY Beast RGB 32GB (2 x 16GB) 288-Pin PC RAM DDR5 5600 (PC5 44800) Memory (Desktop Memory) Model KF556C40BBAK2-32,179,Kingston,DDR5,32,5600,459.99,0,1
CORSAIR Vengeance 64GB (2 x 32GB) 288-Pin PC RAM DDR5 4800 (PC5 38400) Desktop Memory Model CMK64GX5M2A4800C40,180,CORSAIR,DDR5,64,4800,904.99,0,4
Kingston FURY Beast 64GB (2 x 32GB) 288-Pin PC RAM DDR5 6000 (PC5 48000) Memory (Desktop Memory) Model KF560C30BBEAK2-64,184,Kingston,DDR5,64,6000,1099.99,0,4
Patriot Viper Xtreme 5 32GB (2 x 16GB) 288-Pin PC RAM DDR5 6400 (PC5 51200) Memory (Desktop Memory) Model PVX532G64C32K,187,Other,DDR5,32,6400,389.99,0,0
CORSAIR Vengeance RGB 32GB (2 x 16GB) 288-Pin PC RAM DDR5 6000 (PC5 48000) Custom Lab GBT Wood Desktop Memory Model CMH32GX5M2E6000Z36WGWL,188,CORSAIR,DDR5,32,6000,439.99,0,1
Patriot Viper Venom RGB 32GB (2 x 16GB) 288-Pin PC RAM DDR5 6400 (PC5 51200) Desktop Memory Model PVV532G640C32K Compatible with AMD / Intel Gen14 Only,189,Other,DDR5,32,6400,449.99,0,1
CORSAIR Vengeance RGB 32GB (2 x 16GB) 288-Pin PC RAM DDR5 6000 (PC5 48000) Desktop Memory Model CMH32GX5M2B6000Z28,190,CORSAIR,DDR5,32,6000,627.99,0,1
CORSAIR Dominator Titanium 32GB (2 x 16GB) DDR5 6000 (PC5 48000) Desktop Memory Model CMP32GX5M2B6000C30,191,CORSAIR,DDR5,32,6000,639.99,0,0
Used - Like New CORSAIR Vengeance LPX 32GB (2 x 16GB) DDR4 3200 (PC4 25600) Desktop Memory Model CMK32GX4M2B3200C16,192,Other,DDR4,32,3200,194.95,1,3
Kingston FURY Beast 64GB (2 x 32GB) DDR4 3600 (PC4 28800) Memory (Desktop Memory) Model KF436C18BBK2/64,193,Kingston,DDR4,64,3600,699.99,1,3
CORSAIR Dominator Titanium 64GB (2 x 32GB) DDR5 6600 (PC5 52800) Desktop Memory Model CMP64GX5M2X6600C32,195,CORSAIR,DDR5,64,6600,1274.99,0,4
CORSAIR Vengeance 96GB (2 x 48GB) 288-Pin PC RAM DDR5 6000 (PC5 48000) Desktop Memory Model CMK96GX5M2E6000C36,196,CORSAIR,DDR5,96,6000,1314.99,0,4
Team T-Force Vulcan ECO 32GB (2 x 16GB) 288-Pin PC RAM DDR5 6400 (PC5 51200) Desktop Memory Model FLESD532G6400HC38JDC01,197,Team,DDR5,32,6400,449.99,0,0
Kingston FURY Beast 32GB (2 x 16GB) 288-Pin PC RAM DDR5 6000 (PC5 48000) Memory (Desktop Memory) Model KF560C30BWEK2-32,198,Kingston,DDR5,32,6000,479.99,0,0
Kingston FURY Beast 32GB (2 x 16GB) 288-Pin PC RAM DDR5 6400 (PC5 51200) Memory (Desktop Memory) Model KF564C32BBEAK2-32,199,Kingston,DDR5,32,6400,495.0,0,0
Used - Like New CORSAIR Vengeance LPX 32GB (2 x 16GB) 288-Pin PC RAM DDR4 3600 (PC4 28800) Desktop Memory Model CMK32GX4M2Z3600C18,200,Other,DDR4,32,3600,249.95,1,3
G.SKILL Trident Z5 Neo Series 64GB (2 x 32GB) 288-Pin PC RAM DDR5 6000 (PC5 48000) Desktop Memory Model F5-6000J3636F32GX2-TZ5NRW,202,G.SKILL,DDR5,64,6000,979.99,0,4
G.SKILL Aegis 32GB (4 x 8GB) DDR4 3200 (PC4 25600) Memory Kit Model F4-3200C16Q-32GIS,203,G.SKILL,DDR4,32,3200,229.99,1,6
v-color DDR4 16GB 3200MT/s (PC4-25600) CL22 U-DIMM 1.2V Desktop Memory Module with Heatsink (Black) (TD416G32D822DSPKKS),204,Other,DDR4,16,3200,119.99,1,2
G.SKILL Aegis 32GB (2 x 16GB) 288-Pin PC RAM DDR4 2666 (PC4 21300) Desktop Memory Model F4-2666C19D-32GIS,206,G.SKILL,DDR4,32,2666,259.99,1,3
CORSAIR Dominator Titanium 32GB (2 x 16GB) DDR5 6000 (PC5 48000) Desktop Memory Model CMP32GX5M2B6000Z30,207,CORSAIR,DDR5,32,6000,639.99,0,0
Silicon Power DDR5 32GB (2x16GB) Zenith 6000MHz (PC5-48000) 288-pin CL30 1.35V UDIMM Desktop Memory Module RAM SU032GXLWU60AFDESK Black,211,Other,DDR5,32,6000,399.79,0,0
V-COLOR DDR5 TUF GAMING ALLIANCE Manta XFinity 64GB (32GBx2) 6400MHz CL32 1.4V AMD EXPO SK Hynix Original IC RGB Gaming Desktop Upgrade RAM Memory Module White (GTMXFAL3264832WWK),213,Other,DDR5,64,6400,769.99,0,1
Crucial Pro 32GB (2 x 16GB) DDR5 6000 (PC5 48000) Desktop Memory Model CP2K16G60C48U5,214,Crucial,DDR5,32,6000,429.75,0,0
Timetec 16GB DDR4 2666MHz (PC4-2666V) PC4-21300 UDIMM Desktop RAM  288-Pin 1.2V CL19 Non-ECC Unbuffered DIMM Memory Module Upgrade,215,Other,DDR4,16,2666,102.99,1,2
Silicon Power DDR4 16GB Kit (2x8GB) 3200MHz (PC4-25600) CL22 UDIMM 288-Pin Desktop Computer Memory SP016GBLFU320B22,216,Other,DDR4,16,3200,124.99,1,3
CORSAIR Vengeance 64GB (2 x 32GB) 288-Pin PC RAM DDR5 6400 (PC5 51200) Desktop memory Model CMK64GX5M2B6400C32,217,CORSAIR,DDR5,64,6400,1219.99,0,4
CORSAIR Vengeance RGB 16GB (2 x 8GB) 288-Pin PC RAM DDR5 5600 (PC5 44800) Desktop Memory Model CMH16GX5M2B5600Z40,218,CORSAIR,DDR5,16,5600,284.99,0,1
CORSAIR Vengeance 32GB (2 x 16GB) DDR5 6000 (PC5 48000) Desktop Memory Model CMK32GX5M2E6000Z36,220,CORSAIR,DDR5,32,6000,474.99,0,0
Patriot VENOM 32GB 288-Pin PC RAM DDR5 5600 (PC5 44800) Desktop Memory Model PVVR532G56C36,221,Other,DDR5,32,5600,389.99,0,5
Kingston FURY Beast 128GB (2 x 64GB) 288-Pin PC RAM DDR5 5600 (PC5 44800) Memory (Desktop Memory) Model KF556C36BBEK2-128,223,Kingston,DDR5,128,5600,2149.99,0,4
CORSAIR Vengeance 32GB (2 x 16GB) 288-Pin PC RAM DDR5 5600 (PC5 44800) Desktop Memory Model CMK32GX5M2B5600C40,224,CORSAIR,DDR5,32,5600,469.99,0,0
CORSAIR Dominator Titanium 32GB (2 x 16GB) DDR5 7200 (PC5 57600) Desktop Memory Model CMP32GX5M2X7200C34W,225,CORSAIR,DDR5,32,7200,674.99,0,0
CORSAIR Vengeance 32GB (2 x 16GB) DDR5 5600 (PC5 44800) Desktop Memory Model CMK32GX5M2B5600Z40,226,CORSAIR,DDR5,32,5600,469.99,0,0
CORSAIR Vengeance RGB 64GB (2 x 32GB) 288-Pin PC RAM DDR5 5600 (PC5 44800) Desktop Memory Model CMH64GX5M2B5600C40W,227,CORSAIR,DDR5,64,5600,919.99,0,1
"V-COLOR OLED XFinity+ DDR5 32GB (2x16GB) 8000MHz CL40 1.35V SK Hynix IC RGB Gaming Desktop Memory with Built-in OLED Display, White, for AMD EXPO (OTMXFAL1680840WWK)",228,Other,DDR5,32,8000,549.99,0,1
"V-COLOR OLED XFinity+ DDR5 64GB (2x32GB) 8000MHz CL40 1.35V SK Hynix IC RGB Gaming Desktop Memory with Built-in OLED Display, Black, for AMD EXPO (OTMXFAL3280840KWK)",229,Other,DDR5,64,8000,899.99,0,1
Kingston FURY Beast 128GB (4 x 32GB) 288-Pin PC RAM DDR5 5200 (PC5 41600) Memory (Desktop Memory) Model KF552C40BBK4-128,230,Kingston,DDR5,128,5200,1899.99,0,6
CORSAIR Vengeance RGB 32GB (2 x 16GB) 288-Pin PC RAM DDR5 7200 (PC5 57600) Desktop Memory Model CMH32GX5M2X7200C34,231,CORSAIR,DDR5,32,7200,629.99,0,1
CORSAIR Vengeance RGB 32GB (2 x 16GB) 288-Pin PC RAM DDR5 6000 (PC5 48000) Desktop Memory Model CMH32GX5M2B6000Z30W,232,CORSAIR,DDR5,32,6000,604.99,0,1
G.SKILL Trident Z5 RGB Series 32GB (2 x 16GB) 288-Pin PC RAM DDR5-8000 (PC5-64000) desktop memory Model F5-8000J3848H16GX2-TZ5RK,233,G.SKILL,DDR5,32,8000,679.99,0,1
"V-COLOR Manta XSky DDR5 32GB (2x16GB) 6000MHz CL28 1.4V SK Hynix IC Gaming Desktop Upgrade Memory Module Black, for AMD EXPO (TMXSO1660828KKK)",235,Other,DDR5,32,6000,459.99,0,0
Kingston FURY Beast 32GB (2 x 16GB) 288-Pin PC RAM DDR5 6400 (PC5 51200) Memory (Desktop Memory) Model KF564C32BBEK2-32,236,Kingston,DDR5,32,6400,489.99,0,0
CORSAIR Vengeance 64GB (2 x 32GB) 288-Pin PC RAM DDR5 6000 (PC5 48000) Desktop Memory Model CMK64GX5M2B6000C30,238,CORSAIR,DDR5,64,6000,1117.99,0,4
CORSAIR Dominator Titanium 64GB (2 x 32GB) DDR5 6000 (PC5 48000) Desktop Memory Model CMP64GX5M2B6000C30W,239,CORSAIR,DDR5,64,6000,1274.99,0,4
Kingston 64GB (2 x 32GB) 288-Pin PC RAM DDR5 5600 (PC5 44800) Memory (Desktop Memory) Model KF556C40BBK2-64,240,Kingston,DDR5,64,5600,969.99,0,4
Timetec 8GB DDR4 2133MHz (PC4-2133P) PC4-17000 UDIMM Desktop RAM  288-Pin 1.2V CL15 Non-ECC Unbuffered DIMM Memory Module Upgrade,241,Other,DDR4,8,2133,55.99,1,2
G.SKILL Trident Z5 RGB Series 32GB (2 x 16GB) 288-Pin PC RAM DDR5 6400 Desktop Memory Model F5-6400J3239G16GX2-TZ5RS,242,G.SKILL,DDR5,32,6400,519.99,0,1
A-Tech 8GB DDR5 4800MHz DIMM PC5-38400 Non-ECC Unbuffered CL40 UDIMM 288-Pin 1.1V Desktop RAM Memory Module,243,Other,DDR5,8,4800,145.19,0,5
CORSAIR Vengeance RGB 64GB (2 x 32GB) 288-Pin PC RAM DDR5 5200 (PC5 41600) Intel XMP 3.0 Desktop Memory Model CMH64GX5M2B5200C40,245,CORSAIR,DDR5,64,5200,914.99,0,1
Crucial - DDR4 - 16 GB - DIMM 288-pin - 2400 MHz / PC4-19200 - CL17 - 1.2 V - unbuffered - non-ECC,247,Crucial,DDR4,16,2400,109.89,1,2
Kingston 8GB DDR4 SDRAM Memory Module - 8 GB (1 x 8GB) - DDR4-2666/PC4-21300 DDR4 SDRAM - 2666 MHz - CL19 - 1.20 V - Non-ECC - Unbuffered - 288-pin - DIMM - KCP426NS8/8,248,Kingston,DDR4,8,2666,64.99,1,2
Kingston 32GB DDR5 SDRAM Memory Module - For Desktop PC - 32 GB - DDR5-5600/PC5-44800 DDR5 SDRAM - 5600 MHz Dual-rank Memory - CL46 - 1.10 V - Non-ECC - Unbuffered - 288-pin - DIMM- KCP556UD8-32,249,Kingston,DDR5,32,5600,481.45,0,5
Silicon Power DDR5 32GB (2x16GB) Zenith RGB 6000MHz (PC5-48000) 288-pin CL30 1.35V UDIMM Desktop Memory Module RAM SU032GXLWU60AFDFSK Black,250,Other,DDR5,32,6000,429.79,0,1
V-COLOR TUF GAMING ALLIANCE Manta XFinity 64GB (32GBx2) DDR5-6400 CL32 1.4V INTEL/AMD SK Hynix Original IC RGB Gaming Desktop Upgrade RAM Memory Module Black (GTMXFL3264832KWK),251,Other,DDR5,64,6400,859.99,0,1
CORSAIR Vengeance RGB 64GB (2 x 32GB) 288-Pin PC RAM DDR5 6400 (PC5 51200) Desktop Memory Model CMH64GX5M2B6400C42,252,CORSAIR,DDR5,64,6400,924.99,0,1
"V-COLOR Manta XSky DDR5 32GB (2x16GB) 6000MHz CL36 1.35V SK Hynix Original IC RGB Gaming Desktop Memory Module Black, for AMD EXPO (TMXSAL1660836KWK)",253,Other,DDR5,32,6000,399.99,0,1
G.SKILL Ripjaws S5 Series 32GB (2 x 16GB) 288-Pin PC RAM DDR5 6000 (PC5 48000) Desktop Memory Model F5-6000J3040F16GX2-RS5W,255,G.SKILL,DDR5,32,6000,599.99,0,0
Team T-Force Delta ECO 32GB (2 x 16GB) 288-Pin PC RAM DDR5 6400 (PC5 51200) Desktop Memory Model FF2D532G6400HC32ADC01,256,Team,DDR5,32,6400,469.99,0,0
KingBank Computer Desktop Memory Ram DDR5 48GB(2x24GB) 8400MT/s CL38 1.5V with Thick Heatsink for PC Gaming/Office/PS,258,Other,DDR5,48,8400,609.99,0,0
CORSAIR Vengeance RGB 32GB (2 x 16GB) 288-Pin PC RAM DDR5 5200 (PC5 41600) Desktop Memory Model CMH32GX5M2B5200C40W,259,CORSAIR,DDR5,32,5200,476.99,0,1
Kingston FURY Beast 16GB (2 x 8GB) 288-Pin PC RAM DDR4 3200 (PC4 25600) Desktop Memory Model KF432C16BB2AK2/16,261,Kingston,DDR4,16,3200,219.99,1,3
Kingston ValueRAM 8GB (1 x 8GB) DDR4 2666MHz DRAM (Desktop Memory) CL19 1.2V DIMM (288-pin) KVR26N19S8/8,262,Kingston,DDR4,8,2666,64.99,1,2
CORSAIR Vengeance RGB 32GB (2 x 16GB) 288-Pin PC RAM DDR5 6000 (PC5 48000) Desktop Memory Model CMH32GX5M2B6000C30,263,CORSAIR,DDR5,32,6000,604.99,0,1
V-COLOR TUF GAMING ALLIANCE Manta XFinity 64GB (32GBx2) DDR5-6400 CL32 1.4V INTEL/AMD SK Hynix Original IC RGB Gaming Desktop Upgrade RAM Memory Module White (GTMXFL3264832WWK),264,Other,DDR5,64,6400,859.99,0,1
CORSAIR Dominator Titanium 32GB (2 x 16GB) DDR5 7000 (PC5 56000) Desktop Memory Model CMP32GX5M2X7000C34,265,CORSAIR,DDR5,32,7000,669.99,0,0
Used - Like New CORSAIR Vengeance LPX 8GB 288-Pin PC RAM DDR4 2400 (PC4 19200) Desktop Memory Model CMK8GX4M1A2400C16,266,Other,DDR4,8,2400,74.95,1,2
Kingston FURY Beast 32GB (2 x 16GB) 288-Pin PC RAM DDR5 6000 (PC5 48000) Memory (Desktop Memory) Model KF560C36BBE2AK2-32,268,Kingston,DDR5,32,6000,424.99,0,0
Patriot Viper Xtreme 5 M 32GB (2 x 16GB) 288-Pin PC RAM DDR5 6400 (PC5 51200) Memory (Desktop Memory) Model PVXR532G64C32KM,270,Other,DDR5,32,6400,419.99,0,0
Kingston Fury Renegade 32GB (2 x 16GB) 288-Pin PC RAM DDR5 8000 (PC5 64000) Desktop Memory Model KF580C38RSAK2-32,272,Kingston,DDR5,32,8000,579.99,0,0
Kingston FURY Beast 32GB (2 x 16GB) DDR5 6000 (PC5 48000) Memory (Desktop Memory) Model KF560C36BBE2K2-32,273,Kingston,DDR5,32,6000,469.99,0,0
Used - Like New CORSAIR Vengeance LPX 16GB (2 x 8GB) 288-Pin PC RAM DDR4 2400 (PC4 19200) Desktop Memory Model CMK16GX4M2A2400C16,274,Other,DDR4,16,2400,99.95,1,3
Used - Very Good G.SKILL Ripjaws V Series 16GB (2 x 8GB) 288-Pin PC RAM DDR4 3600 (PC4 28800) Desktop Memory Model F4-3600C16D-16GVKC,275,Other,DDR4,16,3600,136.0,1,3
G.SKILL Trident Z5 Neo RGB Series AMD EXPO 32GB (2 x 16GB) 288-Pin PC RAM DDR5 6000 (PC5 48000) Desktop Memory Model F5-6000J3038F16GH1-TZ5NR,276,G.SKILL,DDR5,32,6000,579.99,0,1
HyperX FURY 16GB (2 x 8GB) DDR4 2666 (PC4 21300) Desktop Memory Model HX426C16FB3K2/16,277,Other,DDR4,16,2666,129.0,1,3
SKHynix HMAA2GU6CJR8N-XN 16GB DDR4 3200Mhz 1Rx8 PC4-25600 non-ECC Unbuffered CL22 288-Pin DIMM 1.2V Memory Module for Desktop,278,Other,DDR4,16,3200,134.99,1,2
Timetec 8GB DDR4 2666MHz (PC4-2666V) PC4-21300 UDIMM Desktop RAM  288-Pin 1.2V CL19 Non-ECC Unbuffered DIMM Memory Module Upgrade,279,Other,DDR4,8,2666,58.99,1,2
CORSAIR Vengeance LPX 16GB (2 x 8GB) 288-Pin PC RAM DDR4 3200 (PC4 25600) Desktop Memory Model CMK16GX4M2E3200C16W,281,CORSAIR,DDR4,16,3200,159.99,1,3
CORSAIR Vengeance RGB 32GB (2 x 16GB) 288-Pin PC RAM DDR5 6000 (PC5 48000) Desktop Memory Model CMH32GX5M2B6000C30W,283,CORSAIR,DDR5,32,6000,604.99,0,1
Kingston FURY Beast 64GB (2 x 32GB) DDR4 3600 (PC4 28800) Memory (Desktop Memory) Model KF436C18BB2AK2/64,284,Kingston,DDR4,64,3600,699.99,1,3
G.SKILL Trident Z5 Neo RGB Series AMD EXPO 16GB 288-Pin PC RAM DDR5 6000 (PC5 48000) Desktop Memory Model F5-6000J3038F16GH1-TZ5NR,286,G.SKILL,DDR5,16,6000,279.99,0,5
G.SKILL Trident Z5 Series 128GB (2 x 64GB) 288-Pin PC RAM DDR5 6400 (PC5 51200) Desktop Memory Model F5-6400J3644F64GX2-TZ5RK,287,G.SKILL,DDR5,128,6400,2999.99,0,4
Kingston FURY Beast 64GB 288-Pin PC RAM DDR5 5600 (PC5 44800) Memory (Desktop Memory) Model KF556C36BBE-64,289,Kingston,DDR5,64,5600,999.99,0,4
Patriot Viper Venom DDR5 RAM 32GB (1X32GB) 6000MT/s CL30 UDIMM Desktop Gaming Memory Module - PVV532G60C30,290,Other,DDR5,32,6000,429.99,0,5
G.SKILL Ripjaws S5 Series 32GB (2 x 16GB) DDR5 5200 Desktop Memory Model F5-5200J4040A16GX2-RS5K,291,G.SKILL,DDR5,32,5200,469.99,0,0
G.SKILL Trident Z5 Neo Series 128GB (2 x 64GB) 288-Pin PC RAM DDR5 6000 (PC5 48000) Desktop Memory Model F5-6000J3644D64GX2-TZ5NR,292,G.SKILL,DDR5,128,6000,2749.99,0,4
CORSAIR Vengeance 32GB (2 x 16GB) 288-Pin PC RAM DDR5 5200 (PC5 41600) Desktop Memory Model CMK32GX5M2B5200C40W,294,CORSAIR,DDR5,32,5200,467.99,0,0
CORSAIR Dominator Platinum RGB 32GB (2 x 16GB) DDR5 6000 (PC5 48000) Desktop Memory Model CMT32GX5M2B6000C30,295,CORSAIR,DDR5,32,6000,629.99,0,1
Kingston FURY Beast 64GB (2 x 32GB) 288-Pin PC RAM DDR5 6400 (PC5 51200) Memory (Desktop Memory) Model KF564C32BBEK2-64,296,Kingston,DDR5,64,6400,1049.0,0,4
G.SKILL Ripjaws S5 Series 32GB (2 x 16GB) DDR5 5600 Desktop Memory Model F5-5600J3636C16GX2-RS5K,297,G.SKILL,DDR5,32,5600,494.99,1,3
Team T-Force Delta RGB 16GB (2 x 8GB) 288-Pin PC RAM DDR4 3600 (PC4 28800) Desktop Memory Model TF4D416G3600HC18JDC01,299,Team,DDR4,16,3600,169.99,1,7
HyperX FURY 4GB DDR3 1600 (PC3 12800) Desktop Memory Model HX316C10F/4,300,Other,DDR3,4,1600,51.99,1,2
CORSAIR Vengeance RGB Pro 16GB (2 x 8GB) 288-Pin DDR4 DRAM DDR4 3000 (PC4 24000) Desktop Memory Model CMW16GX4M2D3000C16,301,CORSAIR,DDR4,16,3000,169.0,1,7
Kingston 16GB DDR4 SDRAM Memory Module - 16 GB - DDR4-2666/PC4-21300 DDR4 SDRAM - 2666 MHz - CL19 - 1.20 V - Non-ECC - Unbuffered - 288-pin - DIMM - KCP426ND8/16,302,Kingston,DDR4,16,2666,119.99,1,2
G.SKILL Flare X5 256GB (4 x 64GB) 288-Pin PC RAM DDR5 6000 (PC5 48000) Desktop Memory Model F5-6000J3644D64GX4-FX5,305,G.SKILL,DDR5,256,6000,4999.99,0,6
Refurbished CORSAIR Vengeance LPX 32GB (2 x 16GB) 288-Pin PC RAM DDR4 3600 (PC4 28800) Desktop Memory Model CMK32GX4M2D3600C18,306,Other,DDR4,32,3600,209.99,1,3
A-Tech Velocity 8GB DDR4 3200MHz (PC4-25600) CL22 XMP 2.0 UDIMM 1.2V Non-ECC DIMM 288-Pin Desktop PC Gaming Memory RAM Module - Black (AV8G4D32X),307,Other,DDR4,8,3200,77.99,1,2
CORSAIR Vengeance LPX 16GB (2 x 8GB) 288-Pin PC RAM DDR4 2666 (PC4 21300) Desktop Memory Model CMK16GX4M2A2666C16W,309,CORSAIR,DDR4,16,2666,109.0,1,3
CORSAIR Vengeance LPX (AMD Ryzen Ready) 16GB (2 x 8GB) 288-Pin DDR4 2933 (PC4 23400) AMD Optimized Desktop Memory Model CMK16GX4M2Z2933C16,310,CORSAIR,DDR4,16,2933,297.33,1,3
G.SKILL Ripjaws S5 Series 32GB (2 x 16GB) DDR5 5600 Desktop Memory Model F5-5600J3636C16GX2-RS5W,312,G.SKILL,DDR5,32,5600,494.99,1,3
Kingston FURY Beast 64GB (2 x 32GB) 288-Pin PC RAM DDR5 6000 (PC5 48000) Memory (Desktop Memory) Model KF560C36BWEK2-64,313,Kingston,DDR5,64,6000,979.99,0,4
CORSAIR Vengeance LPX 64GB (4 x 16GB) DDR4 2400 (PC4 19200) Desktop Memory Model CMK64GX4M4A2400C16,314,CORSAIR,DDR4,64,2400,389.0,1,6
CORSAIR Vengeance RGB 32GB (2 x 16GB) 288-Pin PC RAM DDR5 6000 (PC5 48000) Desktop Memory Model CMH32GX5M2E6000Z36W,315,CORSAIR,DDR5,32,6000,484.99,0,1
CORSAIR Vengeance RGB 96GB (2 x 48GB) 288-Pin PC RAM DDR5 6800 (PC5 54400) Desktop Memory Model CMH96GX5M2B6800C34,316,CORSAIR,DDR5,96,6800,1499.99,0,4
G.SKILL Trident Z5 RGB Series 32GB (2 x 16GB) 288-Pin PC RAM DDR5 7800 (PCS-62400) desktop memory Model F5-7800J3646H16GX2-TZ5RK,317,G.SKILL,DDR5,32,7800,499.0,0,1
Team T-Force Delta RGB 32GB (2 x 16GB) DDR5 5200 (PC5 41600) Desktop Memory Model FF3D532G5200HC40CDC01,320,Team,DDR5,32,5200,429.99,0,1
Kingston FURY Beast 128GB (2 x 64GB) 288-Pin PC RAM DDR5 5600 (PC5 44800) Memory (Desktop Memory) Model KF556C36BBEAK2-128,321,Kingston,DDR5,128,5600,2199.99,0,4
CORSAIR Vengeance 32GB (2 x 16GB) 288-Pin PC RAM DDR5 7200 (PC5 57600) Desktop Memory Model CMK32GX5M2X7200C34,324,CORSAIR,DDR5,32,7200,624.99,0,0
CORSAIR Dominator Platinum RGB 32GB (2 x 16GB) 288-Pin PC RAM DDR5 5200 (PC5 41600) XMP 3.0 AMD EXPO desktop memory Model CMT32GX5M2B5200Z40,326,CORSAIR,DDR5,32,5200,504.99,0,1
CORSAIR Dominator Platinum RGB 64GB (2 x 32GB) DDR5 6000 (PC5 48000) Desktop Memory Model CMT64GX5M2B6000Z30,327,CORSAIR,DDR5,64,6000,1259.99,0,1
Patriot Viper Elite 5 32GB 288-Pin PC RAM DDR5 5600 (PC5 44800) Desktop Memory Model PVER532G56C38W,328,Other,DDR5,32,5600,399.99,0,5
Used - Very Good G.SKILL TridentZ RGB Series 32GB (2 x 16GB) 288-Pin PC RAM DDR4 4000 (PC4 32000) Desktop Memory Model F4-4000C18D-32GTZR,329,Other,DDR4,32,4000,270.0,1,7
G.SKILL Trident Z5 RGB Series 32GB (2 x 16GB) 288-Pin PC RAM DDR5-8000 (PC5-64000) desktop memory Model F5-8000J3848H16GX2-TZ5RS,331,G.SKILL,DDR5,32,8000,679.99,0,1
CORSAIR Dominator Titanium 32GB (2 x 16GB) DDR5 6400 (PC5 51200) Desktop Memory Model CMP32GX5M2B6400C32W,332,CORSAIR,DDR5,32,6400,649.99,0,0
G.SKILL Ripjaws S5 Series 32GB (2 x 16GB) 288-Pin PC RAM DDR5 6000 (PC5 48000) Desktop Memory Model F5-6000J3040F16GX2-RS5K,333,G.SKILL,DDR5,32,6000,599.99,0,0
CORSAIR Vengeance RGB 32GB (2 x 16GB) 288-Pin PC RAM DDR5 5200 (PC5 41600) Desktop Memory Model CMH32GX5M2B5200C40,335,CORSAIR,DDR5,32,5200,476.99,0,1
OWC 16GB Replacement for Synology D4EU02-16G - DDR4 2666 PC4-21300 CL19 2Rx8 288-pin 1.2V ECC Unbuffered DIMM Memory RAM Module Upgrade,336,Other,DDR4,16,2666,157.86,1,2
Timetec Pinnacle Konduit RGB 8GB DDR4 3200MHz PC4-25600 CL16-18-18-38 1.35V Compatible for AMD and Intel Desktop Gaming PC Memory Module RAM - Black,337,Other,DDR4,8,3200,72.99,1,2
Kingston 16GB DDR4 SDRAM Memory Module - 16 GB - DDR4-3200/PC4-25600 DDR4 SDRAM - 3200 MHz - CL22 - 1.20 V - Non-ECC - Unbuffered - 288-pin - DIMM- KCP432NS8/16,338,Kingston,DDR4,16,3200,238.0,1,2
"KingBank Computer Desktop Memory Ram DDR5 16GB(2x8GB) 6000MHz CL36 1.35V with Heatsink for Desktop Computer High Performance Gaming, silver",339,Other,DDR5,16,6000,255.99,0,0
Timetec 16GB DDR4 3200MHz (PC4-3200AA) PC4-25600 UDIMM Desktop RAM  288-Pin 1.2V CL22 Non-ECC Unbuffered DIMM Memory Module Upgrade,340,Other,DDR4,16,3200,111.99,1,2
Kingston FURY Beast 64GB (2 x 32GB) 288-Pin PC RAM DDR5 6000 (PC5 48000) Memory (Desktop Memory) Model KF560C30BWEAK2-64,341,Kingston,DDR5,64,6000,1099.99,0,4
CORSAIR Vengeance RGB 32GB (2 x 16GB) 288-Pin PC RAM DDR5 5600 (PC5 44800) Desktop Memory Model CMH32GX5M2B5600Z40,342,CORSAIR,DDR5,32,5600,479.99,0,1
G.SKILL Ripjaws M5 RGB Series 96GB (2 x 48GB) 288-Pin PC RAM DDR5 5600 (PC5 44800) Desktop Memory Model F5-5600J4040D48GX2-RM5RW,343,G.SKILL,DDR5,96,5600,1299.99,0,4
G.SKILL Trident Z5 RGB Series 32GB (2 x 16GB) 288-Pin PC RAM DDR5 5600 Desktop Memory Model F5-5600J3636C16GX2-TZ5RK,344,G.SKILL,DDR5,32,5600,505.99,0,7
CORSAIR Dominator Platinum RGB 64GB (2 x 32GB) 288-Pin PC RAM DDR5 5200 (PC5 41600) Desktop Memory Model CMT64GX5M2B5200C40,345,CORSAIR,DDR5,64,5200,969.99,0,1
CORSAIR Vengeance RGB 32GB (2 x 16GB) 288-Pin PC RAM DDR5 6400 (PC5 51200) Desktop Memory Model CMH32GX5M2B6400C32W,346,CORSAIR,DDR5,32,6400,607.99,0,1
Kingston 16GB DDR5 SDRAM Memory Module - For Desktop PC - 16 GB - DDR5-5600/PC5-44800 DDR5 SDRAM - 5600 MHz Single-rank Memory - CL46 - 1.10 V - Non-ECC - Unbuffered - 288-pin - DIMM- KCP556US8-16,349,Kingston,DDR5,16,5600,299.01,0,5
Samsung 16GB (1x16GB) DDR5 5600MHz High-Performance Gaming RAM PC5-44800 UDIMM Unbuffered Non-ECC 1Rx8 CL46 1.1v For Gamers and Power Users Desktop PC Computer Memory Upgrade M323R2GA3DB0-CWM Adamanta,350,Other,DDR5,16,5600,249.99,0,5
